country,regulatory_clarity,supervisory_capacity,public_finance_compatibility,legal_enforceability,digital_infrastructure,environmental_monitoring_capacity,sustainable_finance_market_maturity,readiness_score,readiness_classification,main_binding_constraint,source_type,main_note
France,75.0,80.0,80.0,65.0,85.0,85.0,80.0,78.0,High / near-term pilot,legal_enforceability,DOCUMENTED_AUTHOR_SCORE,Benchmark pilot jurisdiction with strong EU/French institutional capacity but data and smart-contract enforceability constraints.
Italy,68.0,70.0,65.0,62.0,75.0,78.0,68.0,69.0,Medium-high / adaptation needed,legal_enforceability,DOCUMENTED_AUTHOR_SCORE,Near-term adaptation candidate with strong EU alignment and relevant Mediterranean coastal-monitoring context.
Spain,70.0,72.0,68.0,65.0,78.0,80.0,70.0,71.45,High / near-term pilot,legal_enforceability,DOCUMENTED_AUTHOR_SCORE,Near-term adaptation candidate with strong EU alignment and relatively strong digital/institutional capacity.
Greece,58.0,60.0,55.0,55.0,65.0,70.0,55.0,59.35,Medium-high / adaptation needed,public_finance_compatibility,DOCUMENTED_AUTHOR_SCORE,Medium adaptation candidate; coastal relevance is strong but public-finance and institutional capacity require support.
Tunisia,38.0,42.0,35.0,40.0,50.0,45.0,35.0,40.65,Medium / capacity-building required,public_finance_compatibility,DOCUMENTED_AUTHOR_SCORE,Longer-term transfer path requiring regulatory and sustainable-finance capacity building.
Egypt,45.0,48.0,45.0,42.0,55.0,50.0,48.0,47.3,Medium / capacity-building required,legal_enforceability,DOCUMENTED_AUTHOR_SCORE,Emerging adaptation case with sustainable-finance activity but institutional and legal enforceability constraints.
Turkey,52.0,55.0,50.0,48.0,68.0,60.0,55.0,55.05,Medium-high / adaptation needed,legal_enforceability,DOCUMENTED_AUTHOR_SCORE,Emerging market-infrastructure adaptation path with stronger digital base but regulatory and legal uncertainty.
Algeria,30.0,35.0,32.0,35.0,42.0,40.0,25.0,34.1,Low-medium / foundation building first,sustainable_finance_market_maturity,DOCUMENTED_AUTHOR_SCORE,"Long-term foundation-building transfer path; requires sustainable-finance, digital governance, and regulatory capacity development."
Lebanon,25.0,25.0,20.0,25.0,45.0,40.0,20.0,28.25,Low-medium / foundation building first,public_finance_compatibility,DOCUMENTED_AUTHOR_SCORE,Long-term/indirect transfer case due to public-finance and institutional constraints.
